shortUrl,destination
ttkb.me/animation-in-procreate,https://skl.sh/3Drwo81
ttkb.me/procreate-animation,https://skl.sh/3Drwo81
ttkb.me/doodlepantz,https://campfire.exchange/collections/0x8006a9dd6f117569fb671e5ce2422c81fec8018f/
ttkb.me/genny,https://joepegs.com/collections/avalanche/genny
ttkb.me/genny-mint,https://taptapkaboom.com/genny-mint/
ttkb.me/gennymint,https://bafybeidpp4d3znpjxlvlhitaylbqwmyk2gzcxazp5wkftvwu7r3lsyku2q.ipfs-public.thirdwebcdn.com/?contract=0x283B874BE3B97223c1EEf495e4d3eaca95677A35&chain=%7B%22name%22%3A%22Avalanche+C-Chain%22%2C%22chain%22%3A%22AVAX%22%2C%22rpc%22%3A%5B%22https%3A%2F%2Favalanche.rpc.thirdweb.com%2F5a9bc94b87f7cbbbfbbc234bf1e07f0adf5f3cf3012c9f26f9fc9820d64df93a%22%5D%2C%22nativeCurrency%22%3A%7B%22name%22%3A%22Avalanche%22%2C%22symbol%22%3A%22AVAX%22%2C%22decimals%22%3A18%7D%2C%22shortName%22%3A%22avax%22%2C%22chainId%22%3A43114%2C%22testnet%22%3Afalse%2C%22slug%22%3A%22avalanche%22%7D&primaryColor=green
ttkb.me/100dptracker,https://www.taptapkaboom.com/downloads/your-100dp-tracker.pdf
ttkb.me/100dpbookupdates,https://www.taptapkaboom.com/the-perfect-100-day-project-book/#updates
ttkb.me/100dpclass,https://www.taptapkaboom.com/the-perfect-100-day-project/
ttkb.me/100dpbook,https://www.taptapkaboom.com/the-perfect-100-day-project-book/
ttkb.me/my100dp,https://www.taptapkaboom.com/the-perfect-100-day-project-book/
ttkb.me/digital-marbling,https://skl.sh/2GGHl9w
ttkb.me/tg,https://t.me/taptapkaboom
ttkb.me/reverie,https://salvor.io/collections/0xe68e14c8fe982d432277643315b2d97fdd90b78a
ttkb.me/sklive,https://www.eventbrite.com/e/skillshare-live-with-rich-armstrong-creating-a-successful-nft-collection-tickets-658590671427?aff=teacherpromo
ttkb.me/100wch,https://joepegs.com/collections/avalanche/100-web-characters
ttkb.me/portfolio,https://www.taptapkaboom.com/portfolio/
ttkb.me/hs,https://joepegs.com/collections/avalanche/happy-sun
ttkb.me/dhdz,https://joepegs.com/collections/avalanche/dreamheadz
ttkb.me/dreamheadz-art,https://joepegs.com/collections/avalanche/0xa071b04ffe52ce5ef551259b312b76ed440aa343
ttkb.me/ddv-specials,https://campfire.exchange/collections/0xc0d0f84f31a0acd3b73485d6eeaa25bdc6a1a5eb
ttkb.me/dreamheadz,https://joepegs.com/collections/avalanche/dreamheadz
ttkb.me/fathom,https://usefathom.com/ref/PD7UFL
ttkb.me/theprintspace,https://theprintspace.com
ttkb.me/prompts,https://www.taptapkaboom.com/prompts/
ttkb.me/news,https://buttondown.email/taptapkaboom
ttkb.me/visdel-os,https://opensea.io/collection/visual-deluge
ttkb.me/dreamlings,https://foundation.app/collection/dreamlings
ttkb.me/happyroom,https://www.spatial.io/s/Happy-Room-63c003839cd325938f2912b2?share=5121257102066933848
ttkb.me/snoweez,https://campfire.exchange/collections/0x1e480d65909d687282f216a31044791f203dce38
ttkb.me/papilio,https://campfire.exchange/collections/0xe80e87f412d2cc73045b73ef7e07a47ef0a41cc0
ttkb.me/skwgglz,https://campfire.exchange/collections/0xd7c448d44a23e8fcf0e281fccb63dc49347ca0b2
ttkb.me/mortis,https://campfire.exchange/collections/0x8eedf3a242a480ecc533a6751c82a82eb0e283b1
ttkb.me/wcats,https://joepegs.com/collections/avalanche/wondercats
ttkb.me/auction,https://marketplace.kalao.io/collection/0x6af53a162deb0d3abfd4f47bd6c9615b08d553fd
ttkb.me/dc,https://discord.gg/TkctpkBu8A
ttkb.me/raptz,https://marketplace.kalao.io/collection/0xa2f7a210a0fe75a25410c6e99b7c8c5cb164ea2c
ttkb.me/queens,https://campfire.exchange/collections/0x7bfa3473b409ad33ccced39fabf909d0720d9f4b
ttkb.me/row,https://lostworlds.io/discover/0x852b31c03973ccbee023a0ca34cf9c1c0f47579e
ttkb.me/forlove,https://joepegs.com/collections/avalanche/for-love
ttkb.me/pentips,https://pen.tips/?ref=ZX9CzpiE
ttkb.me/happysun,https://joepegs.com/collections/avalanche/happy-sun
ttkb.me/discord,https://discord.gg/TkctpkBu8A
ttkb.me/ddv-c,https://campfire.exchange/collections/0x6af53a162deb0d3abfd4f47bd6c9615b08d553fd
ttkb.me/ddv-k,https://marketplace.kalao.io/collection/0x6af53a162deb0d3abfd4f47bd6c9615b08d553fd
ttkb.me/paperlike,https://paperlike.com/taptapkaboom
ttkb.me/turres,https://async.market/art/master/0xb6dae651468e9593e4581705a09c10a76ac1e0c8-10757
ttkb.me/doodleverse-nftrade,https://nftrade.com/assets/avalanche/0x6af53a162deb0d3abfd4f47bd6c9615b08d553fd
ttkb.me/visdel-fnd,https://foundation.app/collection/visual-deluge
ttkb.me/twitch,https://www.twitch.tv/taptapkaboom
ttkb.me/fnd,https://foundation.app/collection/visual-deluge
ttkb.me/ddv,https://joepegs.com/collections/avalanche/doodleverse
ttkb.me/doodleverse,https://www.taptapkaboom.com/doodleverse/
ttkb.me/nft,https://www.taptapkaboom.com/nft/
ttkb.me/doodleverse-kalao,https://marketplace.kalao.io/collection/0x6af53a162deb0d3abfd4f47bd6c9615b08d553fd
ttkb.me/coinbase,https://www.coinbase.com/join/armstr_vp
ttkb.me/endless-love,https://opensea.io/collection/an-endless-love
ttkb.me/webflow,https://webflow.grsm.io/7en6wsc5v0sw
ttkb.me/my100dp-discord,https://discord.gg/nUthnTdEYX
ttkb.me/100dpbook-rockynook,https://rockynook.com/shop/print/the-perfect-100-day-project/ref/429/
ttkb.me/100dpbook-amazon,https://www.amazon.com/gp/product/1681988194/ref=as_li_tl?ie=UTF8&camp=1789&creative=9325&creativeASIN=1681988194&linkCode=as2&tag=taptapkaboo02-20&linkId=64e6c1d6255cf12db922c3737e06b8ae
ttkb.me/prodbasics,https://taptapkaboom.teachable.com/p/productivity-basics
ttkb.me/prodbasics-sk,https://skl.sh/30CEevd
ttkb.me/discfest2021,https://mdiscover.teachable.com/3wRpkNU
ttkb.me/adpslides,https://www.dropbox.com/sh/k4abou0id0liq4w/AACl9oRUYSM81HGhk5keIG2Oa?dl=0
ttkb.me/sk,https://skl.sh/2I3yuwd
ttkb.me/patreon,https://www.patreon.com/taptapkaboom
ttkb.me/workouts,https://www.taptapkaboom.com/workouts/
ttkb.me/5min-ttk,https://taptapkaboom.teachable.com/p/5-minute-creative-workouts
ttkb.me/5min-sk,https://skl.sh/33E16sm
ttkb.me/5min,https://www.taptapkaboom.com/5-minute-creative-workouts/
ttkb.me/corpse,https://www.taptapkaboom.com/exquisite-corpse/
ttkb.me/prexwc7,https://www.taptapkaboom.com/prompts/exquisite-word-corpse/
ttkb.me/corpse-template,https://www.dropbox.com/s/mflg3jx5vrofytr/exquisite-corpse-template.jpg?dl=0
ttkb.me/corpse-submit,https://www.dropbox.com/request/8zBJzKx3FxGpWD6O8N5K
ttkb.me/bacd9,https://skl.sh/3dD7uGS
ttkb.me/pwp,https://www.taptapkaboom.com/productivity-with-purpose/
ttkb.me/pwp-ttk,https://school.taptapkaboom.com/p/productivity-with-purpose
ttkb.me/pwp-sk,https://skl.sh/3opYQNo
ttkb.me/c0835,https://resources.thetinylife.com/store/productivity-bundle/?ref=30
ttkb.me/100dp,https://www.taptapkaboom.com/the-perfect-100-day-project/
ttkb.me/get-inspired-audio,https://taptapkaboom.teachable.com/p/get-inspired-explore-your-city-audio-class
ttkb.me/get-inspired-sk,https://skl.sh/3mkoLG2
ttkb.me/get-inspired,https://taptapkaboom.teachable.com/p/get-inspired-explore-your-city/
ttkb.me/get-inspired-listenable,https://frstre.com/go/?a=84685-555c5e&s=1240023-3d8db3&p_affiliate.referral_code=richarmstrong
ttkb.me/sk-audio-free-hjgys,https://skl.sh/3kC8pXB
ttkb.me/sk-audio,https://skl.sh/38DlHRz
ttkb.me/listenable,https://e95jg.app.link/BNCwHtQZ48?tap_a=76205-87a7d9&tap_s=1240023-3d8db3&tapfiliatePartnerCode=richarmstrong&ref=richarmstrong&tapfiliateClickId=
ttkb.me/city-insp,https://www.taptapkaboom.com/get-inspired-by-your-city
ttkb.me/make-a-class,http://eepurl.com/hisBdb
ttkb.me/prints,https://www.teepublic.com/user/taptapkaboom/posters-and-art
ttkb.me/behance,https://www.behance.net/taptapkaboom
ttkb.me/artbundlesforgood,https://www.art.bundlesforgood.com/?ap_id=taptapkaboom
ttkb.me/ello,https://ello.co/taptapkaboom
ttkb.me/mule,https://www.stickermule.com/eu/unlock?ref_id=6044380701
ttkb.me/twitter,https://twitter.com/taptapkaboom
ttkb.me/cmc-feedback,https://forms.gle/A7F1ergXT6xAzg1u6
ttkb.me/cmc,https://taptapkaboom.teachable.com/p/creativity-mini-course
ttkb.me/awwwards-first-website,https://www.awwwards.com/academy/course/hand-code-your-first-website-html-css-basics
ttkb.me/superpeer,https://superpeer.com/taptapkaboom
ttkb.me/live,https://www.youtube.com/taptapkaboom/live
ttkb.me/looom-class-sk,https://skl.sh/3aKOpOw
ttkb.me/looom-class,https://taptapkaboom.teachable.com/p/looom
ttkb.me/yq9kl,https://skl.sh/2xN8Pry
ttkb.me/12principles,https://taptapkaboom.com/posts/the-12-principles-of-animation
ttkb.me/tayasui-sketches-app,https://apps.apple.com/us/app/tayasui-sketches/id641900855
ttkb.me/ps-sketch-app,https://apps.apple.com/us/app/adobe-photoshop-sketch/id839085644
ttkb.me/looom,https://apps.apple.com/us/app/looom/id1454153126
ttkb.me/e4033,https://gumroad.com/l/wfFwQ/KABOOM
ttkb.me/f85a2,https://gumroad.com/l/qtPcG/KABOOM
ttkb.me/100wc-ig,https://www.instagram.com/explore/tags/100webcharacters/
ttkb.me/100wch-iggy,https://www.dropbox.com/sh/k12kgsyu5gal1n7/AAAeVFAtIRJWdiNZezDWzUZ5a?dl=0
ttkb.me/100wchb,https://gumroad.com/l/wfFwQ
ttkb.me/100wche,https://gumroad.com/l/qtPcG
ttkb.me/vlog,https://www.youtube.com/watch?v=QU5tVHsZfok&list=PLTn1ZqjmhCdSHt2yNUPq-Zhil-RbkL7TB
ttkb.me/blast,https://buttondown.email/taptapkaboom
ttkb.me/school,https://taptapkaboom.teachable.com/
ttkb.me/1kz45pjk,https://www.dropbox.com/sh/lflccjmi0cogvje/AAAyn4umKm1PQpbDZqdXMMDOa?dl=0
ttkb.me/juststart,https://taptapkaboom.teachable.com/p/juststart
ttkb.me/juststart-sk,https://skl.sh/37MUDvY
ttkb.me/10daycc,https://join.slack.com/t/taptapkaboom/shared_invite/enQtODI4MDM3NjM3MDk0LTI1MTJjODE0YmQ1YTcxNzNhMTc4Mjg4OTQwN2FmZDQ2ODRmODhhODFmMTdmOTk5NDY4MGJlZTM4NTVlODFiNDE
ttkb.me/33zn1Py,https://skl.sh/33zn1Py
ttkb.me/30KNAzy,https://skl.sh/30KNAzy
ttkb.me/fresco-abstract-art,https://school.taptapkaboom.com/p/abstract-art
ttkb.me/fresco,https://apps.apple.com/us/app/id1458660369
ttkb.me/workshop,https://adplist.org/session/how-to-become-a-better-creative?ref=richarmstrong1
ttkb.me/first-website-workshop,https://www.eventbrite.nl/e/tickets-hand-code-your-first-website-69440334911
ttkb.me/21199,https://taptapkaboom.com/
ttkb.me/first-website,https://taptapkaboom.teachable.com/p/hand-code-your-first-website
ttkb.me/sublime-license-video,https://youtu.be/fszD0jPErdY
ttkb.me/normal-procreate-brush,https://static.skillshare.com/uploads/attachment/559162226/cac81a05/Normal.brush
ttkb.me/firstwebsite,https://taptapkaboom.teachable.com/p/hand-code-your-first-website
ttkb.me/procreate-animation-udemy,https://www.udemy.com/procreate-animation/?couponCode=TAPTAPKABOOM
ttkb.me/100-day-project,https://taptapkaboom.teachable.com/p/the-perfect-100-day-project
ttkb.me/namedotcom,https://www.name.com/referral/338562
ttkb.me/celebrate,https://pages.convertkit.com/325957f22a/e226140acc
ttkb.me/2HPvvsE,https://skl.sh/2HPvvsE
ttkb.me/2s9ICw8,https://skl.sh/2s9ICw8
ttkb.me/2W6tRg7,https://skl.sh/2W6tRg7
ttkb.me/2CZqF7y,https://skl.sh/2CZqF7y
ttkb.me/2wluJ0X,https://skl.sh/2wluJ0X
ttkb.me/2weCmGv,https://skl.sh/2weCmGv
ttkb.me/2Mq6VnR,https://skl.sh/2Mq6VnR
ttkb.me/2HLxj5Q,https://skl.sh/2HLxj5Q
ttkb.me/2W6Bsvk,https://skl.sh/2W6Bsvk
ttkb.me/2YLvlZU,https://skl.sh/2YLvlZU
ttkb.me/2HWKIbn,https://skl.sh/2HWKIbn
ttkb.me/2VKU66H,https://skl.sh/2VKU66H
ttkb.me/2EAlZsp,https://skl.sh/2EAlZsp
ttkb.me/2VO2X7X,https://skl.sh/2VO2X7X
ttkb.me/2YUDEmz,https://skl.sh/2YUDEmz
ttkb.me/2frBQja,https://skl.sh/2frBQja
ttkb.me/2VZYDY4,https://skl.sh/2VZYDY4
ttkb.me/2tQ4znt,https://skl.sh/2tQ4znt
ttkb.me/2HVscA6,https://skl.sh/2HVscA6
ttkb.me/2VMTRrY,https://skl.sh/2VMTRrY
ttkb.me/2EA2wbc,https://skl.sh/2EA2wbc
ttkb.me/2wfbJBx,https://skl.sh/2wfbJBx
ttkb.me/2EBh2zy,https://skl.sh/2EBh2zy
ttkb.me/2YJvf5g,https://skl.sh/2YJvf5g
ttkb.me/2I1T6Xh,https://skl.sh/2I1T6Xh
ttkb.me/2YQuYNL,https://skl.sh/2YQuYNL
ttkb.me/2YKiPKd,https://skl.sh/2YKiPKd
ttkb.me/2HXfbWS,https://skl.sh/2HXfbWS
ttkb.me/2EAlZsl,https://skl.sh/2EAlZsl
ttkb.me/2HPmMXq,https://skl.sh/2HPmMXq
ttkb.me/2EAlMp3,https://skl.sh/2EAlMp3
ttkb.me/2vK5jJO,https://skl.sh/2vK5jJO
ttkb.me/2EMa2Af,https://skl.sh/2EMa2Af
ttkb.me/2HVplHo,https://skl.sh/2HVplHo
ttkb.me/2Ez0IiO,https://skl.sh/2Ez0IiO
ttkb.me/2VT5eyD,https://skl.sh/2VT5eyD
ttkb.me/2HYOdhy,https://skl.sh/2HYOdhy
ttkb.me/links,https://www.taptapkaboom.com/links
ttkb.me/animate-with-depth,https://skl.sh/2qrM5VH
ttkb.me/basics-of-web-design-layout,https://skl.sh/2ExiNfi
ttkb.me/hand-code-your-first-website,https://skl.sh/2lzLHlT
ttkb.me/launch-a-rocket,https://skl.sh/2MqJ9n2
ttkb.me/jquery,https://skl.sh/2M4oWXV
ttkb.me/customizing-sublime-text,https://skl.sh/2glvfUD
ttkb.me/sexy-signup-pages,https://skl.sh/2lRQFdB
ttkb.me/emmet,https://skl.sh/2vEiy0v
ttkb.me/synthetic-stop-motion,https://skl.sh/2rUw3ab
ttkb.me/mesmerize,https://skl.sh/2HX3YoX
ttkb.me/master-terrazzo,https://skl.sh/2lGTwXb
ttkb.me/stop-motion-gifs,https://skl.sh/2ksaTZQ
ttkb.me/play-doh-technique,https://skl.sh/2lvRzwm
ttkb.me/demystifying-parallax,https://skl.sh/2xznX91
ttkb.me/ipad-doodling-class,https://skl.sh/2OuSyvm
ttkb.me/sb-revival-session,https://www.karenabend.com/sketchbook-revival/ngchar/
ttkb.me/rwd-app-android,https://play.google.com/store/apps/details?id=com.taptapkaboom.randomworddoodle
ttkb.me/gifcracker,https://itunes.apple.com/us/app/gif-cracker-gifs-to-video-and-photo/id1028921076?mt=8
ttkb.me/stickermule,https://www.stickermule.com/unlock?ref_id=6044380701
ttkb.me/100webchars,https://taptapkaboom.com/100-web-characters
ttkb.me/iggy-psd,http://taptapkaboom.com/for-fans/taptapkaboom.com-iggy-template.psd
ttkb.me/iggy-procreate,http://taptapkaboom.com/for-fans/taptapkaboom.com-iggy-template.procreate
ttkb.me/explorative-design,https://taptapkaboom.teachable.com/p/explorative-design
ttkb.me/rwd,https://taptapkaboom.com/random-word-doodle
ttkb.me/rwd-book-free,https://pages.convertkit.com/4021aba916/d7d2f6a6ac
ttkb.me/sb-revival,https://www.karenabend.com/richarmstrong
ttkb.me/sk-workshop-678,https://www.skillshare.com/workshops/678
ttkb.me/sk-workshop-683,https://www.skillshare.com/workshops/683
ttkb.me/class-planning-ama,https://www.skillshare.com/amas/211?teacherRef=6102916
ttkb.me/rwd-class,https://skl.sh/2Eru5DK
ttkb.me/youtube,https://www.youtube.com/taptapkaboom
ttkb.me/dribbble,https://dribbble.com/taptapkaboom
ttkb.me/3829e,https://skl.sh/2I9Y2ec
ttkb.me/perfect-100-day-proj,https://skl.sh/2WoWlgK
ttkb.me/layer-art-free,https://pages.convertkit.com/2c313a5a8d/238c2afe9e
ttkb.me/2lbmj8v,https://skl.sh/2lbmj8v
ttkb.me/layer-art,https://skl.sh/2kXDavm
ttkb.me/dreamhost50,https://www.dreamhost.com/r.cgi?2185360/promo/dreamsavings50/
ttkb.me/dreamhost,https://www.dreamhost.com/r.cgi?2185360
ttkb.me/s6,https://society6.com/taptapkaboom
ttkb.me/rwd-book-class-promo,https://gumroad.com/l/random-word-doodle/i-love-skillshare
ttkb.me/rwd-class-sk,https://skl.sh/2kBWDhI
ttkb.me/words,https://www.taptapkaboom.com/workouts/random-words/
ttkb.me/sbr2019,https://pages.convertkit.com/4021aba916/d7d2f6a6ac
ttkb.me/paper-app,https://itunes.apple.com/us/app/paper-by-fiftythree-sketch-diagram-take-notes/id506003812
ttkb.me/sk-invite-all,https://www.skillshare.com/?teacherRef=6102916
ttkb.me/teach-sk,https://skillshareresearch.typeform.com/to/YacVC1
ttkb.me/win,https://www.skillshare.com/workshops/960/discussions
ttkb.me/working-for-nothing,https://taptapkaboom.com/posts/working-for-nothing
ttkb.me/first-website-sk,https://skl.sh/2YmqK4a
ttkb.me/printing-procreate-c4b2c,https://taptapkaboom.com/posts/printing-from-procreate
ttkb.me/rwd-app,http://onelink.to/2479kf
ttkb.me/5f09d,https://www.dropbox.com/sh/rmid4un8u7y5p14/AADXJWGXn5HYWuXMxGweiOJfa?dl=0
ttkb.me/classes,https://taptapkaboom.com/classes
ttkb.me/ig,https://www.instagram.com/taptapkaboom/
ttkb.me/cm-liquid-bgs,https://creativemarket.com/taptapkaboom/3500051-20-Hot-Abstract-Liquid-Backgrounds
ttkb.me/digital-marbling-sk,https://skl.sh/2GGHl9w
ttkb.me/fan,https://buttondown.email/taptapkaboom
ttkb.me/sk-invite,https://www.skillshare.com/en/r/user/taptapkaboom?gr_tch_ref=on&gr_trp=on
ttkb.me/go,https://taptapkaboom.com
ttkb.me/explorative-design-sk,https://skl.sh/2Luk4I2
